algorithm, operation, iteration, time_ns  , time_ms
RSA      , keygen   ,         1, 436049087, 436.049087
RSA      , keygen   ,         2, 278094260, 278.094260
RSA      , keygen   ,         3, 163167429, 163.167429
RSA      , keygen   ,         4, 702921628, 702.921628
RSA      , keygen   ,         5, 467221405, 467.221405
RSA      , keygen   ,         6, 181346689, 181.346689
RSA      , keygen   ,         7, 326632696, 326.632696
RSA      , keygen   ,         8, 211682846, 211.682846
RSA      , keygen   ,         9, 307444829, 307.444829
RSA      , keygen   ,        10, 208813120, 208.813120
RSA      , keygen   ,        11, 206121410, 206.121410
RSA      , keygen   ,        12, 425230009, 425.230009
RSA      , keygen   ,        13, 274309672, 274.309672
RSA      , keygen   ,        14, 173078117, 173.078117
RSA      , keygen   ,        15, 334723338, 334.723338
RSA      , keygen   ,        16, 181161043, 181.161043
RSA      , keygen   ,        17, 530989612, 530.989612
RSA      , keygen   ,        18, 174523465, 174.523465
RSA      , keygen   ,        19, 898823878, 898.823878
RSA      , keygen   ,        20, 242387199, 242.387199
RSA      , keygen   ,        21, 698907596, 698.907596
RSA      , keygen   ,        22, 274306100, 274.306100
RSA      , keygen   ,        23, 402641165, 402.641165
RSA      , keygen   ,        24, 637341800, 637.341800
RSA      , keygen   ,        25, 581895818, 581.895818
RSA      , keygen   ,        26,  95722467,  95.722467
RSA      , keygen   ,        27, 715882373, 715.882373
RSA      , keygen   ,        28, 389791613, 389.791613
RSA      , keygen   ,        29, 526946575, 526.946575
RSA      , keygen   ,        30, 419221913, 419.221913
ED25519  , keygen   ,         1,   4624519,   4.624519
ED25519  , keygen   ,         2,   4822479,   4.822479
ED25519  , keygen   ,         3,   4541974,   4.541974
ED25519  , keygen   ,         4,   5366989,   5.366989
ED25519  , keygen   ,         5,   6229813,   6.229813
ED25519  , keygen   ,         6,   6430331,   6.430331
ED25519  , keygen   ,         7,   7485038,   7.485038
ED25519  , keygen   ,         8,   7514951,   7.514951
ED25519  , keygen   ,         9,   6304449,   6.304449
ED25519  , keygen   ,        10,   7338032,   7.338032
ED25519  , keygen   ,        11,   7396412,   7.396412
ED25519  , keygen   ,        12,   5864467,   5.864467
ED25519  , keygen   ,        13,   8170931,   8.170931
ED25519  , keygen   ,        14,   6381255,   6.381255
ED25519  , keygen   ,        15,   5786694,   5.786694
ED25519  , keygen   ,        16,   6711144,   6.711144
ED25519  , keygen   ,        17,   5824922,   5.824922
ED25519  , keygen   ,        18,   5462851,   5.462851
ED25519  , keygen   ,        19,   5837118,   5.837118
ED25519  , keygen   ,        20,   6588733,   6.588733
ED25519  , keygen   ,        21,   7214013,   7.214013
ED25519  , keygen   ,        22,   7610296,   7.610296
ED25519  , keygen   ,        23,   6951487,   6.951487
ED25519  , keygen   ,        24,   6267359,   6.267359
ED25519  , keygen   ,        25,   7535788,   7.535788
ED25519  , keygen   ,        26,   7586205,   7.586205
ED25519  , keygen   ,        27,   7251165,   7.251165
ED25519  , keygen   ,        28,   6589389,   6.589389
ED25519  , keygen   ,        29,   7162085,   7.162085
ED25519  , keygen   ,        30,   7269669,   7.269669
RSA      , sign     ,         1,   9881138,   9.881138
RSA      , sign     ,         2,   9785555,   9.785555
RSA      , sign     ,         3,   9738438,   9.738438
RSA      , sign     ,         4,  10082418,  10.082418
RSA      , sign     ,         5,  10362391,  10.362391
RSA      , sign     ,         6,  10408539,  10.408539
RSA      , sign     ,         7,   9778649,   9.778649
RSA      , sign     ,         8,  10174756,  10.174756
RSA      , sign     ,         9,   9895650,   9.895650
RSA      , sign     ,        10,   9949356,   9.949356
RSA      , sign     ,        11,   9721333,   9.721333
RSA      , sign     ,        12,  10619822,  10.619822
RSA      , sign     ,        13,  10146350,  10.146350
RSA      , sign     ,        14,  10604585,  10.604585
RSA      , sign     ,        15,  11643717,  11.643717
RSA      , sign     ,        16,  11501540,  11.501540
RSA      , sign     ,        17,  10768561,  10.768561
RSA      , sign     ,        18,  13752854,  13.752854
RSA      , sign     ,        19,  10093885,  10.093885
RSA      , sign     ,        20,  10971756,  10.971756
RSA      , sign     ,        21,  11321242,  11.321242
RSA      , sign     ,        22,   9906069,   9.906069
RSA      , sign     ,        23,  10541391,  10.541391
RSA      , sign     ,        24,  10354074,  10.354074
RSA      , sign     ,        25,  11796821,  11.796821
RSA      , sign     ,        26,  10365535,  10.365535
RSA      , sign     ,        27,  11325800,  11.325800
RSA      , sign     ,        28,  10964502,  10.964502
RSA      , sign     ,        29,  10684294,  10.684294
RSA      , sign     ,        30,   9849404,   9.849404
RSA      , sign     ,        31,  10417278,  10.417278
RSA      , sign     ,        32,   9959248,   9.959248
RSA      , sign     ,        33,  10610470,  10.610470
RSA      , sign     ,        34,  14795693,  14.795693
RSA      , sign     ,        35,  12301663,  12.301663
RSA      , sign     ,        36,  11676927,  11.676927
RSA      , sign     ,        37,  10621061,  10.621061
RSA      , sign     ,        38,  10294422,  10.294422
RSA      , sign     ,        39,  10314332,  10.314332
RSA      , sign     ,        40,   9891766,   9.891766
RSA      , sign     ,        41,  10357900,  10.357900
RSA      , sign     ,        42,  11601038,  11.601038
RSA      , sign     ,        43,  10702047,  10.702047
RSA      , sign     ,        44,  11593605,  11.593605
RSA      , sign     ,        45,  10593641,  10.593641
RSA      , sign     ,        46,   9935400,   9.935400
RSA      , sign     ,        47,  10357638,  10.357638
RSA      , sign     ,        48,  10122925,  10.122925
RSA      , sign     ,        49,   9899561,   9.899561
RSA      , sign     ,        50,   9844903,   9.844903
RSA      , sign     ,        51,  11021290,  11.021290
RSA      , sign     ,        52,  10194347,  10.194347
RSA      , sign     ,        53,  10988203,  10.988203
RSA      , sign     ,        54,  10110352,  10.110352
RSA      , sign     ,        55,   9785633,   9.785633
RSA      , sign     ,        56,  10266471,  10.266471
RSA      , sign     ,        57,   9838545,   9.838545
RSA      , sign     ,        58,  11888909,  11.888909
RSA      , sign     ,        59,  12369602,  12.369602
RSA      , sign     ,        60,  12113674,  12.113674
RSA      , sign     ,        61,  10925763,  10.925763
RSA      , sign     ,        62,  11772036,  11.772036
RSA      , sign     ,        63,  10213952,  10.213952
RSA      , sign     ,        64,  11926665,  11.926665
RSA      , sign     ,        65,  11311196,  11.311196
RSA      , sign     ,        66,  12235497,  12.235497
RSA      , sign     ,        67,   9874244,   9.874244
RSA      , sign     ,        68,  10703208,  10.703208
RSA      , sign     ,        69,  10977315,  10.977315
RSA      , sign     ,        70,  10554032,  10.554032
RSA      , sign     ,        71,  14712339,  14.712339
RSA      , sign     ,        72,  24827777,  24.827777
RSA      , sign     ,        73,  12760577,  12.760577
RSA      , sign     ,        74,  12084820,  12.084820
RSA      , sign     ,        75,  10054229,  10.054229
RSA      , sign     ,        76,  11293177,  11.293177
RSA      , sign     ,        77,  12049555,  12.049555
RSA      , sign     ,        78,  10888361,  10.888361
RSA      , sign     ,        79,  10458807,  10.458807
RSA      , sign     ,        80,  11363445,  11.363445
RSA      , sign     ,        81,   9855461,   9.855461
RSA      , sign     ,        82,  10433576,  10.433576
RSA      , sign     ,        83,   9831121,   9.831121
RSA      , sign     ,        84,  14207478,  14.207478
RSA      , sign     ,        85,  10484570,  10.484570
RSA      , sign     ,        86,  10343125,  10.343125
RSA      , sign     ,        87,  10111558,  10.111558
RSA      , sign     ,        88,  10414615,  10.414615
RSA      , sign     ,        89,   9964642,   9.964642
RSA      , sign     ,        90,   9983890,   9.983890
RSA      , sign     ,        91,  13128817,  13.128817
RSA      , sign     ,        92,  13317566,  13.317566
RSA      , sign     ,        93,  12115914,  12.115914
RSA      , sign     ,        94,  10753279,  10.753279
RSA      , sign     ,        95,  10595735,  10.595735
RSA      , sign     ,        96,  10242360,  10.242360
RSA      , sign     ,        97,  10473007,  10.473007
RSA      , sign     ,        98,  13478265,  13.478265
RSA      , sign     ,        99,  10121505,  10.121505
RSA      , sign     ,       100,   9878977,   9.878977
RSA      , sign     ,       101,   9964173,   9.964173
RSA      , sign     ,       102,  10218741,  10.218741
RSA      , sign     ,       103,   9807174,   9.807174
RSA      , sign     ,       104,   9979252,   9.979252
RSA      , sign     ,       105,   9714998,   9.714998
RSA      , sign     ,       106,   9708259,   9.708259
RSA      , sign     ,       107,   9805425,   9.805425
RSA      , sign     ,       108,   9907142,   9.907142
RSA      , sign     ,       109,   9983843,   9.983843
RSA      , sign     ,       110,   9814915,   9.814915
RSA      , sign     ,       111,  10025082,  10.025082
RSA      , sign     ,       112,  10552904,  10.552904
RSA      , sign     ,       113,  10488636,  10.488636
RSA      , sign     ,       114,   9873326,   9.873326
RSA      , sign     ,       115,  10976883,  10.976883
RSA      , sign     ,       116,  11354925,  11.354925
RSA      , sign     ,       117,  10962532,  10.962532
RSA      , sign     ,       118,  11216844,  11.216844
RSA      , sign     ,       119,  10258054,  10.258054
RSA      , sign     ,       120,  10737767,  10.737767
RSA      , sign     ,       121,  10997870,  10.997870
RSA      , sign     ,       122,  10429973,  10.429973
RSA      , sign     ,       123,  11298334,  11.298334
RSA      , sign     ,       124,  11488596,  11.488596
RSA      , sign     ,       125,  11008727,  11.008727
RSA      , sign     ,       126,  11311377,  11.311377
RSA      , sign     ,       127,  10830607,  10.830607
RSA      , sign     ,       128,  10985774,  10.985774
RSA      , sign     ,       129,   9944868,   9.944868
RSA      , sign     ,       130,  10349313,  10.349313
RSA      , sign     ,       131,  12470906,  12.470906
RSA      , sign     ,       132,  12164748,  12.164748
RSA      , sign     ,       133,  12766799,  12.766799
RSA      , sign     ,       134,  11583690,  11.583690
RSA      , sign     ,       135,  10352411,  10.352411
RSA      , sign     ,       136,   9796249,   9.796249
RSA      , sign     ,       137,   9800299,   9.800299
RSA      , sign     ,       138,  10152563,  10.152563
RSA      , sign     ,       139,  10648958,  10.648958
RSA      , sign     ,       140,   9889431,   9.889431
RSA      , sign     ,       141,   9955597,   9.955597
RSA      , sign     ,       142,  10091707,  10.091707
RSA      , sign     ,       143,  13765821,  13.765821
RSA      , sign     ,       144,  13148955,  13.148955
RSA      , sign     ,       145,  10147429,  10.147429
RSA      , sign     ,       146,  10573156,  10.573156
RSA      , sign     ,       147,  11361989,  11.361989
RSA      , sign     ,       148,  10021287,  10.021287
RSA      , sign     ,       149,  10624091,  10.624091
RSA      , sign     ,       150,  10107354,  10.107354
RSA      , sign     ,       151,  10305187,  10.305187
RSA      , sign     ,       152,  11144744,  11.144744
RSA      , sign     ,       153,  11221000,  11.221000
RSA      , sign     ,       154,  11727212,  11.727212
RSA      , sign     ,       155,  10840256,  10.840256
RSA      , sign     ,       156,  11199590,  11.199590
RSA      , sign     ,       157,  10682695,  10.682695
RSA      , sign     ,       158,  10229807,  10.229807
RSA      , sign     ,       159,  10361196,  10.361196
RSA      , sign     ,       160,  10947136,  10.947136
RSA      , sign     ,       161,   9901249,   9.901249
RSA      , sign     ,       162,  13262770,  13.262770
RSA      , sign     ,       163,  12099276,  12.099276
RSA      , sign     ,       164,  12352319,  12.352319
RSA      , sign     ,       165,  11665869,  11.665869
RSA      , sign     ,       166,  11444173,  11.444173
RSA      , sign     ,       167,  10715501,  10.715501
RSA      , sign     ,       168,  11281967,  11.281967
RSA      , sign     ,       169,  10978829,  10.978829
RSA      , sign     ,       170,  12270682,  12.270682
RSA      , sign     ,       171,  11671877,  11.671877
RSA      , sign     ,       172,  11433841,  11.433841
RSA      , sign     ,       173,  10884139,  10.884139
RSA      , sign     ,       174,  10490147,  10.490147
RSA      , sign     ,       175,  12502990,  12.502990
RSA      , sign     ,       176,  12733459,  12.733459
RSA      , sign     ,       177,  10585716,  10.585716
RSA      , sign     ,       178,  13283098,  13.283098
RSA      , sign     ,       179,  10333794,  10.333794
RSA      , sign     ,       180,  11868755,  11.868755
RSA      , sign     ,       181,  10048872,  10.048872
RSA      , sign     ,       182,  10124067,  10.124067
RSA      , sign     ,       183,  11209518,  11.209518
RSA      , sign     ,       184,  11707350,  11.707350
RSA      , sign     ,       185,   9745100,   9.745100
RSA      , sign     ,       186,   9755124,   9.755124
RSA      , sign     ,       187,  10251863,  10.251863
RSA      , sign     ,       188,  14076519,  14.076519
RSA      , sign     ,       189,  13249100,  13.249100
RSA      , sign     ,       190,  11259148,  11.259148
RSA      , sign     ,       191,   9827771,   9.827771
RSA      , sign     ,       192,  11511335,  11.511335
RSA      , sign     ,       193,  10748136,  10.748136
RSA      , sign     ,       194,  10672069,  10.672069
RSA      , sign     ,       195,   9977429,   9.977429
RSA      , sign     ,       196,  14147317,  14.147317
RSA      , sign     ,       197,  12155316,  12.155316
RSA      , sign     ,       198,  10577479,  10.577479
RSA      , sign     ,       199,  10126629,  10.126629
RSA      , sign     ,       200,  11610689,  11.610689
ED25519  , sign     ,         1,   5254241,   5.254241
ED25519  , sign     ,         2,   5474935,   5.474935
ED25519  , sign     ,         3,   4305439,   4.305439
ED25519  , sign     ,         4,   4823365,   4.823365
ED25519  , sign     ,         5,   5181537,   5.181537
ED25519  , sign     ,         6,   5707758,   5.707758
ED25519  , sign     ,         7,   6792343,   6.792343
ED25519  , sign     ,         8,   5600860,   5.600860
ED25519  , sign     ,         9,   5292654,   5.292654
ED25519  , sign     ,        10,   5003031,   5.003031
ED25519  , sign     ,        11,   4796623,   4.796623
ED25519  , sign     ,        12,   4540073,   4.540073
ED25519  , sign     ,        13,   4594784,   4.594784
ED25519  , sign     ,        14,   5896074,   5.896074
ED25519  , sign     ,        15,   6203159,   6.203159
ED25519  , sign     ,        16,   6128106,   6.128106
ED25519  , sign     ,        17,   7863969,   7.863969
ED25519  , sign     ,        18,   9274223,   9.274223
ED25519  , sign     ,        19,   8062946,   8.062946
ED25519  , sign     ,        20,   4705081,   4.705081
ED25519  , sign     ,        21,   5148408,   5.148408
ED25519  , sign     ,        22,   5261438,   5.261438
ED25519  , sign     ,        23,   6630818,   6.630818
ED25519  , sign     ,        24,   6716982,   6.716982
ED25519  , sign     ,        25,   4783193,   4.783193
ED25519  , sign     ,        26,   5013728,   5.013728
ED25519  , sign     ,        27,   5978824,   5.978824
ED25519  , sign     ,        28,   6755795,   6.755795
ED25519  , sign     ,        29,   6219313,   6.219313
ED25519  , sign     ,        30,   5747250,   5.747250
ED25519  , sign     ,        31,   4532545,   4.532545
ED25519  , sign     ,        32,   4646921,   4.646921
ED25519  , sign     ,        33,   4856853,   4.856853
ED25519  , sign     ,        34,   5901452,   5.901452
ED25519  , sign     ,        35,   4438080,   4.438080
ED25519  , sign     ,        36,   4458308,   4.458308
ED25519  , sign     ,        37,   4346468,   4.346468
ED25519  , sign     ,        38,   4334436,   4.334436
ED25519  , sign     ,        39,   5929311,   5.929311
ED25519  , sign     ,        40,   6699744,   6.699744
ED25519  , sign     ,        41,   6848560,   6.848560
ED25519  , sign     ,        42,   6435685,   6.435685
ED25519  , sign     ,        43,   6971039,   6.971039
ED25519  , sign     ,        44,   6682889,   6.682889
ED25519  , sign     ,        45,   7244158,   7.244158
ED25519  , sign     ,        46,   6963255,   6.963255
ED25519  , sign     ,        47,   6550883,   6.550883
ED25519  , sign     ,        48,   6390981,   6.390981
ED25519  , sign     ,        49,   6687044,   6.687044
ED25519  , sign     ,        50,   4399119,   4.399119
ED25519  , sign     ,        51,   5260231,   5.260231
ED25519  , sign     ,        52,   4944713,   4.944713
ED25519  , sign     ,        53,   4491653,   4.491653
ED25519  , sign     ,        54,   5548888,   5.548888
ED25519  , sign     ,        55,   6853518,   6.853518
ED25519  , sign     ,        56,   7804171,   7.804171
ED25519  , sign     ,        57,   8403531,   8.403531
ED25519  , sign     ,        58,   6159229,   6.159229
ED25519  , sign     ,        59,   5584008,   5.584008
ED25519  , sign     ,        60,   5329594,   5.329594
ED25519  , sign     ,        61,   5058894,   5.058894
ED25519  , sign     ,        62,   5282023,   5.282023
ED25519  , sign     ,        63,   5500003,   5.500003
ED25519  , sign     ,        64,   4380832,   4.380832
ED25519  , sign     ,        65,   4825391,   4.825391
ED25519  , sign     ,        66,   6149682,   6.149682
ED25519  , sign     ,        67,   5993702,   5.993702
ED25519  , sign     ,        68,   6817784,   6.817784
ED25519  , sign     ,        69,   7228504,   7.228504
ED25519  , sign     ,        70,   6921134,   6.921134
ED25519  , sign     ,        71,   5355999,   5.355999
ED25519  , sign     ,        72,   4921937,   4.921937
ED25519  , sign     ,        73,   6586211,   6.586211
ED25519  , sign     ,        74,   6639777,   6.639777
ED25519  , sign     ,        75,   6647318,   6.647318
ED25519  , sign     ,        76,   7072443,   7.072443
ED25519  , sign     ,        77,   7018692,   7.018692
ED25519  , sign     ,        78,   5870218,   5.870218
ED25519  , sign     ,        79,   6088400,   6.088400
ED25519  , sign     ,        80,   6825789,   6.825789
ED25519  , sign     ,        81,   6828349,   6.828349
ED25519  , sign     ,        82,   7016170,   7.016170
ED25519  , sign     ,        83,   7057054,   7.057054
ED25519  , sign     ,        84,   6588716,   6.588716
ED25519  , sign     ,        85,   6987182,   6.987182
ED25519  , sign     ,        86,   7021940,   7.021940
ED25519  , sign     ,        87,   7059400,   7.059400
ED25519  , sign     ,        88,   7149506,   7.149506
ED25519  , sign     ,        89,   7037763,   7.037763
ED25519  , sign     ,        90,   6118832,   6.118832
ED25519  , sign     ,        91,   6919891,   6.919891
ED25519  , sign     ,        92,   7373553,   7.373553
ED25519  , sign     ,        93,   7165118,   7.165118
ED25519  , sign     ,        94,   7021466,   7.021466
ED25519  , sign     ,        95,   6455318,   6.455318
ED25519  , sign     ,        96,   6569761,   6.569761
ED25519  , sign     ,        97,   7003025,   7.003025
ED25519  , sign     ,        98,   7099398,   7.099398
ED25519  , sign     ,        99,   7067236,   7.067236
ED25519  , sign     ,       100,   6747890,   6.747890
ED25519  , sign     ,       101,   6283008,   6.283008
ED25519  , sign     ,       102,   5690145,   5.690145
ED25519  , sign     ,       103,   5801233,   5.801233
ED25519  , sign     ,       104,   6889619,   6.889619
ED25519  , sign     ,       105,   7014834,   7.014834
ED25519  , sign     ,       106,   6895250,   6.895250
ED25519  , sign     ,       107,   6969931,   6.969931
ED25519  , sign     ,       108,   7019638,   7.019638
ED25519  , sign     ,       109,   7094290,   7.094290
ED25519  , sign     ,       110,   6711071,   6.711071
ED25519  , sign     ,       111,   6320500,   6.320500
ED25519  , sign     ,       112,   7314622,   7.314622
ED25519  , sign     ,       113,   6258308,   6.258308
ED25519  , sign     ,       114,   4633174,   4.633174
ED25519  , sign     ,       115,   4493381,   4.493381
ED25519  , sign     ,       116,   5067493,   5.067493
ED25519  , sign     ,       117,   4447174,   4.447174
ED25519  , sign     ,       118,   4570435,   4.570435
ED25519  , sign     ,       119,   4231963,   4.231963
ED25519  , sign     ,       120,   5049232,   5.049232
ED25519  , sign     ,       121,   5285500,   5.285500
ED25519  , sign     ,       122,   4195167,   4.195167
ED25519  , sign     ,       123,   5304701,   5.304701
ED25519  , sign     ,       124,   6112120,   6.112120
ED25519  , sign     ,       125,   6319607,   6.319607
ED25519  , sign     ,       126,   5460711,   5.460711
ED25519  , sign     ,       127,   5741378,   5.741378
ED25519  , sign     ,       128,   6870277,   6.870277
ED25519  , sign     ,       129,   6240644,   6.240644
ED25519  , sign     ,       130,   5702360,   5.702360
ED25519  , sign     ,       131,   5818007,   5.818007
ED25519  , sign     ,       132,   7012663,   7.012663
ED25519  , sign     ,       133,   6943304,   6.943304
ED25519  , sign     ,       134,   6812222,   6.812222
ED25519  , sign     ,       135,   6843492,   6.843492
ED25519  , sign     ,       136,   6957531,   6.957531
ED25519  , sign     ,       137,   6800033,   6.800033
ED25519  , sign     ,       138,   6905160,   6.905160
ED25519  , sign     ,       139,   6491436,   6.491436
ED25519  , sign     ,       140,   6549704,   6.549704
ED25519  , sign     ,       141,   4907731,   4.907731
ED25519  , sign     ,       142,   4721042,   4.721042
ED25519  , sign     ,       143,   5567541,   5.567541
ED25519  , sign     ,       144,   5402906,   5.402906
ED25519  , sign     ,       145,   5414972,   5.414972
ED25519  , sign     ,       146,   6354987,   6.354987
ED25519  , sign     ,       147,   6244958,   6.244958
ED25519  , sign     ,       148,   6881887,   6.881887
ED25519  , sign     ,       149,   6012069,   6.012069
ED25519  , sign     ,       150,   4401478,   4.401478
ED25519  , sign     ,       151,   4425788,   4.425788
ED25519  , sign     ,       152,   4588513,   4.588513
ED25519  , sign     ,       153,   5448389,   5.448389
ED25519  , sign     ,       154,   5503112,   5.503112
ED25519  , sign     ,       155,   4970736,   4.970736
ED25519  , sign     ,       156,   4516145,   4.516145
ED25519  , sign     ,       157,   4384296,   4.384296
ED25519  , sign     ,       158,   4309380,   4.309380
ED25519  , sign     ,       159,   6387471,   6.387471
ED25519  , sign     ,       160,   6962213,   6.962213
ED25519  , sign     ,       161,   7075154,   7.075154
ED25519  , sign     ,       162,   6974377,   6.974377
ED25519  , sign     ,       163,   6922893,   6.922893
ED25519  , sign     ,       164,   6936384,   6.936384
ED25519  , sign     ,       165,   6579523,   6.579523
ED25519  , sign     ,       166,   6831334,   6.831334
ED25519  , sign     ,       167,   6826308,   6.826308
ED25519  , sign     ,       168,   5905074,   5.905074
ED25519  , sign     ,       169,   6975362,   6.975362
ED25519  , sign     ,       170,   6539561,   6.539561
ED25519  , sign     ,       171,   7083104,   7.083104
ED25519  , sign     ,       172,   7042854,   7.042854
ED25519  , sign     ,       173,   7048188,   7.048188
ED25519  , sign     ,       174,   7225858,   7.225858
ED25519  , sign     ,       175,   5202720,   5.202720
ED25519  , sign     ,       176,   4489233,   4.489233
ED25519  , sign     ,       177,   5051448,   5.051448
ED25519  , sign     ,       178,   6327627,   6.327627
ED25519  , sign     ,       179,   6711660,   6.711660
ED25519  , sign     ,       180,   6874485,   6.874485
ED25519  , sign     ,       181,   6607679,   6.607679
ED25519  , sign     ,       182,   4602849,   4.602849
ED25519  , sign     ,       183,   4693716,   4.693716
ED25519  , sign     ,       184,   5506074,   5.506074
ED25519  , sign     ,       185,   5171951,   5.171951
ED25519  , sign     ,       186,   6531766,   6.531766
ED25519  , sign     ,       187,   5454698,   5.454698
ED25519  , sign     ,       188,   6201780,   6.201780
ED25519  , sign     ,       189,   6809112,   6.809112
ED25519  , sign     ,       190,   6884915,   6.884915
ED25519  , sign     ,       191,   6841911,   6.841911
ED25519  , sign     ,       192,   6962306,   6.962306
ED25519  , sign     ,       193,   6673024,   6.673024
ED25519  , sign     ,       194,   6865475,   6.865475
ED25519  , sign     ,       195,   6916370,   6.916370
ED25519  , sign     ,       196,   6735692,   6.735692
ED25519  , sign     ,       197,   5944407,   5.944407
ED25519  , sign     ,       198,   5366360,   5.366360
ED25519  , sign     ,       199,   5480514,   5.480514
ED25519  , sign     ,       200,   5721564,   5.721564
RSA      , verify   ,         1,   5712225,   5.712225
RSA      , verify   ,         2,   7023562,   7.023562
RSA      , verify   ,         3,   7004507,   7.004507
RSA      , verify   ,         4,   7020415,   7.020415
RSA      , verify   ,         5,   6816520,   6.816520
RSA      , verify   ,         6,   4906402,   4.906402
RSA      , verify   ,         7,   4818398,   4.818398
RSA      , verify   ,         8,   4816404,   4.816404
RSA      , verify   ,         9,   6460896,   6.460896
RSA      , verify   ,        10,   7024031,   7.024031
RSA      , verify   ,        11,   7027000,   7.027000
RSA      , verify   ,        12,   6539671,   6.539671
RSA      , verify   ,        13,   6843690,   6.843690
RSA      , verify   ,        14,   7401457,   7.401457
RSA      , verify   ,        15,   8151201,   8.151201
RSA      , verify   ,        16,   6955051,   6.955051
RSA      , verify   ,        17,   7224498,   7.224498
RSA      , verify   ,        18,   6725546,   6.725546
RSA      , verify   ,        19,   6148879,   6.148879
RSA      , verify   ,        20,   6280724,   6.280724
RSA      , verify   ,        21,   4623671,   4.623671
RSA      , verify   ,        22,   5248609,   5.248609
RSA      , verify   ,        23,   6227210,   6.227210
RSA      , verify   ,        24,   6975935,   6.975935
RSA      , verify   ,        25,   6818869,   6.818869
RSA      , verify   ,        26,   6870889,   6.870889
RSA      , verify   ,        27,   6771970,   6.771970
RSA      , verify   ,        28,   6637314,   6.637314
RSA      , verify   ,        29,   6826090,   6.826090
RSA      , verify   ,        30,   5103463,   5.103463
RSA      , verify   ,        31,   5830633,   5.830633
RSA      , verify   ,        32,   6993668,   6.993668
RSA      , verify   ,        33,   6870366,   6.870366
RSA      , verify   ,        34,   6753729,   6.753729
RSA      , verify   ,        35,   6931593,   6.931593
RSA      , verify   ,        36,   5567920,   5.567920
RSA      , verify   ,        37,   5037383,   5.037383
RSA      , verify   ,        38,   6416225,   6.416225
RSA      , verify   ,        39,   5475594,   5.475594
RSA      , verify   ,        40,   5026473,   5.026473
RSA      , verify   ,        41,   4770461,   4.770461
RSA      , verify   ,        42,   4543520,   4.543520
RSA      , verify   ,        43,   5344027,   5.344027
RSA      , verify   ,        44,   7163368,   7.163368
RSA      , verify   ,        45,   7237450,   7.237450
RSA      , verify   ,        46,   6509669,   6.509669
RSA      , verify   ,        47,   5376146,   5.376146
RSA      , verify   ,        48,   5317189,   5.317189
RSA      , verify   ,        49,   5156608,   5.156608
RSA      , verify   ,        50,   4430760,   4.430760
RSA      , verify   ,        51,   5194350,   5.194350
RSA      , verify   ,        52,   4453051,   4.453051
RSA      , verify   ,        53,   4382698,   4.382698
RSA      , verify   ,        54,   4913486,   4.913486
RSA      , verify   ,        55,   4996793,   4.996793
RSA      , verify   ,        56,   5017243,   5.017243
RSA      , verify   ,        57,   5400743,   5.400743
RSA      , verify   ,        58,   5319708,   5.319708
RSA      , verify   ,        59,   6133933,   6.133933
RSA      , verify   ,        60,   6080528,   6.080528
RSA      , verify   ,        61,   4450619,   4.450619
RSA      , verify   ,        62,   5203379,   5.203379
RSA      , verify   ,        63,   4911499,   4.911499
RSA      , verify   ,        64,   4797798,   4.797798
RSA      , verify   ,        65,   6319034,   6.319034
RSA      , verify   ,        66,   5878869,   5.878869
RSA      , verify   ,        67,   6407297,   6.407297
RSA      , verify   ,        68,   6073423,   6.073423
RSA      , verify   ,        69,   6720460,   6.720460
RSA      , verify   ,        70,   6256028,   6.256028
RSA      , verify   ,        71,   6940181,   6.940181
RSA      , verify   ,        72,   6003915,   6.003915
RSA      , verify   ,        73,   6733656,   6.733656
RSA      , verify   ,        74,   7173062,   7.173062
RSA      , verify   ,        75,   7234009,   7.234009
RSA      , verify   ,        76,   8791304,   8.791304
RSA      , verify   ,        77,  11376820,  11.376820
RSA      , verify   ,        78,   6348552,   6.348552
RSA      , verify   ,        79,   6764207,   6.764207
RSA      , verify   ,        80,   6290768,   6.290768
RSA      , verify   ,        81,   6572468,   6.572468
RSA      , verify   ,        82,   7160138,   7.160138
RSA      , verify   ,        83,   7053846,   7.053846
RSA      , verify   ,        84,   6478920,   6.478920
RSA      , verify   ,        85,   7007757,   7.007757
RSA      , verify   ,        86,   7061200,   7.061200
RSA      , verify   ,        87,   6976712,   6.976712
RSA      , verify   ,        88,   6574674,   6.574674
RSA      , verify   ,        89,   6875029,   6.875029
RSA      , verify   ,        90,   7050953,   7.050953
RSA      , verify   ,        91,   6941977,   6.941977
RSA      , verify   ,        92,   5754456,   5.754456
RSA      , verify   ,        93,   6580318,   6.580318
RSA      , verify   ,        94,   6356051,   6.356051
RSA      , verify   ,        95,   5313376,   5.313376
RSA      , verify   ,        96,   6572567,   6.572567
RSA      , verify   ,        97,   6544224,   6.544224
RSA      , verify   ,        98,   4681118,   4.681118
RSA      , verify   ,        99,   5930825,   5.930825
RSA      , verify   ,       100,   5661899,   5.661899
RSA      , verify   ,       101,   4629491,   4.629491
RSA      , verify   ,       102,   4507766,   4.507766
RSA      , verify   ,       103,   5316486,   5.316486
RSA      , verify   ,       104,   5583553,   5.583553
RSA      , verify   ,       105,   4993581,   4.993581
RSA      , verify   ,       106,   4692095,   4.692095
RSA      , verify   ,       107,   5801104,   5.801104
RSA      , verify   ,       108,   6420756,   6.420756
RSA      , verify   ,       109,   6916625,   6.916625
RSA      , verify   ,       110,   7031366,   7.031366
RSA      , verify   ,       111,   6689506,   6.689506
RSA      , verify   ,       112,   6824863,   6.824863
RSA      , verify   ,       113,   6812042,   6.812042
RSA      , verify   ,       114,   5912673,   5.912673
RSA      , verify   ,       115,   4494087,   4.494087
RSA      , verify   ,       116,   4435449,   4.435449
RSA      , verify   ,       117,   6055073,   6.055073
RSA      , verify   ,       118,   7288694,   7.288694
RSA      , verify   ,       119,   5468583,   5.468583
RSA      , verify   ,       120,   6249559,   6.249559
RSA      , verify   ,       121,   7191582,   7.191582
RSA      , verify   ,       122,   7164253,   7.164253
RSA      , verify   ,       123,   5248947,   5.248947
RSA      , verify   ,       124,   5410863,   5.410863
RSA      , verify   ,       125,   6746034,   6.746034
RSA      , verify   ,       126,   5684528,   5.684528
RSA      , verify   ,       127,   5486737,   5.486737
RSA      , verify   ,       128,   7075679,   7.075679
RSA      , verify   ,       129,   6990824,   6.990824
RSA      , verify   ,       130,   6991241,   6.991241
RSA      , verify   ,       131,   7016827,   7.016827
RSA      , verify   ,       132,   5857241,   5.857241
RSA      , verify   ,       133,   6964259,   6.964259
RSA      , verify   ,       134,   6180469,   6.180469
RSA      , verify   ,       135,   5446122,   5.446122
RSA      , verify   ,       136,   6762910,   6.762910
RSA      , verify   ,       137,   6498268,   6.498268
RSA      , verify   ,       138,   5062600,   5.062600
RSA      , verify   ,       139,   4447239,   4.447239
RSA      , verify   ,       140,   5262052,   5.262052
RSA      , verify   ,       141,   5650663,   5.650663
RSA      , verify   ,       142,   5426986,   5.426986
RSA      , verify   ,       143,   4955708,   4.955708
RSA      , verify   ,       144,   4353997,   4.353997
RSA      , verify   ,       145,   4838261,   4.838261
RSA      , verify   ,       146,   4443895,   4.443895
RSA      , verify   ,       147,   4549662,   4.549662
RSA      , verify   ,       148,   6362201,   6.362201
RSA      , verify   ,       149,   6936438,   6.936438
RSA      , verify   ,       150,   6811665,   6.811665
RSA      , verify   ,       151,   6910554,   6.910554
RSA      , verify   ,       152,   7084827,   7.084827
RSA      , verify   ,       153,   6818933,   6.818933
RSA      , verify   ,       154,   6756428,   6.756428
RSA      , verify   ,       155,   6908573,   6.908573
RSA      , verify   ,       156,   6922541,   6.922541
RSA      , verify   ,       157,   5085474,   5.085474
RSA      , verify   ,       158,   4576979,   4.576979
RSA      , verify   ,       159,   4756333,   4.756333
RSA      , verify   ,       160,   5820675,   5.820675
RSA      , verify   ,       161,   6749313,   6.749313
RSA      , verify   ,       162,   6850459,   6.850459
RSA      , verify   ,       163,   6997994,   6.997994
RSA      , verify   ,       164,   6700537,   6.700537
RSA      , verify   ,       165,   6882197,   6.882197
RSA      , verify   ,       166,   7219045,   7.219045
RSA      , verify   ,       167,   5573624,   5.573624
RSA      , verify   ,       168,   6422010,   6.422010
RSA      , verify   ,       169,   7102534,   7.102534
RSA      , verify   ,       170,   7301113,   7.301113
RSA      , verify   ,       171,   7357936,   7.357936
RSA      , verify   ,       172,   6870610,   6.870610
RSA      , verify   ,       173,   7244131,   7.244131
RSA      , verify   ,       174,   7174001,   7.174001
RSA      , verify   ,       175,   6036390,   6.036390
RSA      , verify   ,       176,   5159398,   5.159398
RSA      , verify   ,       177,   4778141,   4.778141
RSA      , verify   ,       178,   6068007,   6.068007
RSA      , verify   ,       179,   7149107,   7.149107
RSA      , verify   ,       180,   6687130,   6.687130
RSA      , verify   ,       181,   6231825,   6.231825
RSA      , verify   ,       182,   6252709,   6.252709
RSA      , verify   ,       183,   7091206,   7.091206
RSA      , verify   ,       184,   6969872,   6.969872
RSA      , verify   ,       185,   7041969,   7.041969
RSA      , verify   ,       186,   6711849,   6.711849
RSA      , verify   ,       187,   7170579,   7.170579
RSA      , verify   ,       188,   5602876,   5.602876
RSA      , verify   ,       189,   4330841,   4.330841
RSA      , verify   ,       190,   4634192,   4.634192
RSA      , verify   ,       191,   4695279,   4.695279
RSA      , verify   ,       192,   4261829,   4.261829
RSA      , verify   ,       193,   4401656,   4.401656
RSA      , verify   ,       194,   6052267,   6.052267
RSA      , verify   ,       195,   5698951,   5.698951
RSA      , verify   ,       196,   5287796,   5.287796
RSA      , verify   ,       197,   4115466,   4.115466
RSA      , verify   ,       198,   4491847,   4.491847
RSA      , verify   ,       199,   4483030,   4.483030
RSA      , verify   ,       200,   4670435,   4.670435
ED25519  , verify   ,         1,   4394522,   4.394522
ED25519  , verify   ,         2,   4560313,   4.560313
ED25519  , verify   ,         3,   5740213,   5.740213
ED25519  , verify   ,         4,   6397668,   6.397668
ED25519  , verify   ,         5,   6514586,   6.514586
ED25519  , verify   ,         6,   6518639,   6.518639
ED25519  , verify   ,         7,   6972833,   6.972833
ED25519  , verify   ,         8,   6907580,   6.907580
ED25519  , verify   ,         9,   6457749,   6.457749
ED25519  , verify   ,        10,   4523493,   4.523493
ED25519  , verify   ,        11,   5638834,   5.638834
ED25519  , verify   ,        12,   6576151,   6.576151
ED25519  , verify   ,        13,   7113707,   7.113707
ED25519  , verify   ,        14,   6988866,   6.988866
ED25519  , verify   ,        15,   6974933,   6.974933
ED25519  , verify   ,        16,   6913144,   6.913144
ED25519  , verify   ,        17,   6991368,   6.991368
ED25519  , verify   ,        18,   6068523,   6.068523
ED25519  , verify   ,        19,   6747087,   6.747087
ED25519  , verify   ,        20,   6833952,   6.833952
ED25519  , verify   ,        21,   6407094,   6.407094
ED25519  , verify   ,        22,   6384783,   6.384783
ED25519  , verify   ,        23,   6990144,   6.990144
ED25519  , verify   ,        24,   6820975,   6.820975
ED25519  , verify   ,        25,   7081233,   7.081233
ED25519  , verify   ,        26,   7078767,   7.078767
ED25519  , verify   ,        27,   7124465,   7.124465
ED25519  , verify   ,        28,   6910210,   6.910210
ED25519  , verify   ,        29,   7739277,   7.739277
ED25519  , verify   ,        30,   4447752,   4.447752
ED25519  , verify   ,        31,   5285805,   5.285805
ED25519  , verify   ,        32,   6366810,   6.366810
ED25519  , verify   ,        33,   6489053,   6.489053
ED25519  , verify   ,        34,   4780769,   4.780769
ED25519  , verify   ,        35,   4395732,   4.395732
ED25519  , verify   ,        36,   4977453,   4.977453
ED25519  , verify   ,        37,   5476261,   5.476261
ED25519  , verify   ,        38,   6029086,   6.029086
ED25519  , verify   ,        39,   4635650,   4.635650
ED25519  , verify   ,        40,   4501382,   4.501382
ED25519  , verify   ,        41,   4418349,   4.418349
ED25519  , verify   ,        42,   4991545,   4.991545
ED25519  , verify   ,        43,   5620936,   5.620936
ED25519  , verify   ,        44,   5268376,   5.268376
ED25519  , verify   ,        45,   5061094,   5.061094
ED25519  , verify   ,        46,   7152973,   7.152973
ED25519  , verify   ,        47,   6802232,   6.802232
ED25519  , verify   ,        48,   6978708,   6.978708
ED25519  , verify   ,        49,   6784405,   6.784405
ED25519  , verify   ,        50,   6171935,   6.171935
ED25519  , verify   ,        51,   6672857,   6.672857
ED25519  , verify   ,        52,   7168368,   7.168368
ED25519  , verify   ,        53,   6965566,   6.965566
ED25519  , verify   ,        54,   5014406,   5.014406
ED25519  , verify   ,        55,   5336769,   5.336769
ED25519  , verify   ,        56,   5651108,   5.651108
ED25519  , verify   ,        57,   5289695,   5.289695
ED25519  , verify   ,        58,   4391298,   4.391298
ED25519  , verify   ,        59,   4341268,   4.341268
ED25519  , verify   ,        60,   4362937,   4.362937
ED25519  , verify   ,        61,   5422237,   5.422237
ED25519  , verify   ,        62,   5679711,   5.679711
ED25519  , verify   ,        63,   6445957,   6.445957
ED25519  , verify   ,        64,   5830838,   5.830838
ED25519  , verify   ,        65,   6985410,   6.985410
ED25519  , verify   ,        66,   6872188,   6.872188
ED25519  , verify   ,        67,   7089724,   7.089724
ED25519  , verify   ,        68,   7000584,   7.000584
ED25519  , verify   ,        69,   5230878,   5.230878
ED25519  , verify   ,        70,   6533096,   6.533096
ED25519  , verify   ,        71,   6075114,   6.075114
ED25519  , verify   ,        72,   4271179,   4.271179
ED25519  , verify   ,        73,   4280189,   4.280189
ED25519  , verify   ,        74,   4361117,   4.361117
ED25519  , verify   ,        75,   4504750,   4.504750
ED25519  , verify   ,        76,   4459231,   4.459231
ED25519  , verify   ,        77,   4499037,   4.499037
ED25519  , verify   ,        78,   4644412,   4.644412
ED25519  , verify   ,        79,   5258118,   5.258118
ED25519  , verify   ,        80,   5055416,   5.055416
ED25519  , verify   ,        81,   4896636,   4.896636
ED25519  , verify   ,        82,   4458121,   4.458121
ED25519  , verify   ,        83,   4986567,   4.986567
ED25519  , verify   ,        84,   4865687,   4.865687
ED25519  , verify   ,        85,   4412289,   4.412289
ED25519  , verify   ,        86,   4385191,   4.385191
ED25519  , verify   ,        87,   4303846,   4.303846
ED25519  , verify   ,        88,   4199579,   4.199579
ED25519  , verify   ,        89,   4323003,   4.323003
ED25519  , verify   ,        90,   5139851,   5.139851
ED25519  , verify   ,        91,   5758645,   5.758645
ED25519  , verify   ,        92,   4407825,   4.407825
ED25519  , verify   ,        93,   5305875,   5.305875
ED25519  , verify   ,        94,   5064167,   5.064167
ED25519  , verify   ,        95,   5139988,   5.139988
ED25519  , verify   ,        96,   6703058,   6.703058
ED25519  , verify   ,        97,   6231380,   6.231380
ED25519  , verify   ,        98,   4930244,   4.930244
ED25519  , verify   ,        99,   4397853,   4.397853
ED25519  , verify   ,       100,   5849600,   5.849600
ED25519  , verify   ,       101,   6785262,   6.785262
ED25519  , verify   ,       102,   6935777,   6.935777
ED25519  , verify   ,       103,   6951843,   6.951843
ED25519  , verify   ,       104,   7087675,   7.087675
ED25519  , verify   ,       105,   6503615,   6.503615
ED25519  , verify   ,       106,   6694472,   6.694472
ED25519  , verify   ,       107,   4768657,   4.768657
ED25519  , verify   ,       108,   5716553,   5.716553
ED25519  , verify   ,       109,   4952296,   4.952296
ED25519  , verify   ,       110,   4648426,   4.648426
ED25519  , verify   ,       111,   6303316,   6.303316
ED25519  , verify   ,       112,   5275286,   5.275286
ED25519  , verify   ,       113,   6079771,   6.079771
ED25519  , verify   ,       114,   6702417,   6.702417
ED25519  , verify   ,       115,   6701289,   6.701289
ED25519  , verify   ,       116,   6439969,   6.439969
ED25519  , verify   ,       117,   6989861,   6.989861
ED25519  , verify   ,       118,   7912562,   7.912562
ED25519  , verify   ,       119,   6939342,   6.939342
ED25519  , verify   ,       120,   6996743,   6.996743
ED25519  , verify   ,       121,   7258544,   7.258544
ED25519  , verify   ,       122,   7075416,   7.075416
ED25519  , verify   ,       123,   6910018,   6.910018
ED25519  , verify   ,       124,   6769962,   6.769962
ED25519  , verify   ,       125,   7012750,   7.012750
ED25519  , verify   ,       126,   7257944,   7.257944
ED25519  , verify   ,       127,   6899803,   6.899803
ED25519  , verify   ,       128,   7079180,   7.079180
ED25519  , verify   ,       129,   6906908,   6.906908
ED25519  , verify   ,       130,   6646348,   6.646348
ED25519  , verify   ,       131,   6658506,   6.658506
ED25519  , verify   ,       132,   6918842,   6.918842
ED25519  , verify   ,       133,   6770372,   6.770372
ED25519  , verify   ,       134,   5700646,   5.700646
ED25519  , verify   ,       135,   6597970,   6.597970
ED25519  , verify   ,       136,   6819617,   6.819617
ED25519  , verify   ,       137,   7078994,   7.078994
ED25519  , verify   ,       138,   6380295,   6.380295
ED25519  , verify   ,       139,   7016112,   7.016112
ED25519  , verify   ,       140,   7216247,   7.216247
ED25519  , verify   ,       141,   6050216,   6.050216
ED25519  , verify   ,       142,   6930867,   6.930867
ED25519  , verify   ,       143,   6399664,   6.399664
ED25519  , verify   ,       144,   7151831,   7.151831
ED25519  , verify   ,       145,   6511704,   6.511704
ED25519  , verify   ,       146,   6582480,   6.582480
ED25519  , verify   ,       147,   5145887,   5.145887
ED25519  , verify   ,       148,   4217667,   4.217667
ED25519  , verify   ,       149,   4561019,   4.561019
ED25519  , verify   ,       150,   4290616,   4.290616
ED25519  , verify   ,       151,   5013080,   5.013080
ED25519  , verify   ,       152,   6872055,   6.872055
ED25519  , verify   ,       153,   7445987,   7.445987
ED25519  , verify   ,       154,   9362273,   9.362273
ED25519  , verify   ,       155,   8516678,   8.516678
ED25519  , verify   ,       156,   5045834,   5.045834
ED25519  , verify   ,       157,   4685306,   4.685306
ED25519  , verify   ,       158,   4694164,   4.694164
ED25519  , verify   ,       159,   4431748,   4.431748
ED25519  , verify   ,       160,   4720676,   4.720676
ED25519  , verify   ,       161,   4529135,   4.529135
ED25519  , verify   ,       162,   6136312,   6.136312
ED25519  , verify   ,       163,   6095912,   6.095912
ED25519  , verify   ,       164,   6920170,   6.920170
ED25519  , verify   ,       165,   6876576,   6.876576
ED25519  , verify   ,       166,   7029294,   7.029294
ED25519  , verify   ,       167,   6984969,   6.984969
ED25519  , verify   ,       168,   6711941,   6.711941
ED25519  , verify   ,       169,   6353413,   6.353413
ED25519  , verify   ,       170,   6925236,   6.925236
ED25519  , verify   ,       171,   6395008,   6.395008
ED25519  , verify   ,       172,   5980516,   5.980516
ED25519  , verify   ,       173,   4288654,   4.288654
ED25519  , verify   ,       174,   5095865,   5.095865
ED25519  , verify   ,       175,   5760792,   5.760792
ED25519  , verify   ,       176,   5803541,   5.803541
ED25519  , verify   ,       177,   6754737,   6.754737
ED25519  , verify   ,       178,   6925199,   6.925199
ED25519  , verify   ,       179,   6849981,   6.849981
ED25519  , verify   ,       180,   6986682,   6.986682
ED25519  , verify   ,       181,   7517816,   7.517816
ED25519  , verify   ,       182,   7047418,   7.047418
ED25519  , verify   ,       183,   7175868,   7.175868
ED25519  , verify   ,       184,   5256114,   5.256114
ED25519  , verify   ,       185,   4472211,   4.472211
ED25519  , verify   ,       186,   4935290,   4.935290
ED25519  , verify   ,       187,   5368407,   5.368407
ED25519  , verify   ,       188,   5042976,   5.042976
ED25519  , verify   ,       189,   5277184,   5.277184
ED25519  , verify   ,       190,   5787985,   5.787985
ED25519  , verify   ,       191,   6796599,   6.796599
ED25519  , verify   ,       192,   7271933,   7.271933
ED25519  , verify   ,       193,   6556273,   6.556273
ED25519  , verify   ,       194,   7189061,   7.189061
ED25519  , verify   ,       195,   7149589,   7.149589
ED25519  , verify   ,       196,   5731673,   5.731673
ED25519  , verify   ,       197,   5095095,   5.095095
ED25519  , verify   ,       198,   5191397,   5.191397
ED25519  , verify   ,       199,   4781296,   4.781296
ED25519  , verify   ,       200,   5857430,   5.857430
